Brand,LocationCount,TotalOrders,TotalRevenue,AvgOrderValue,SampledLocations
McDonald's,4431,88234400.0,749933638.85,8.5,269.0
Subway,2372,9508953.0,99858340.88,10.5,77.0
Burger King,2219,13887234.0,131969573.12,9.5,75.0
Taco Bell,2183,11380594.0,102439498.86,9.0,59.0
Wendy's,1479,4084621.0,40019631.38,9.8,23.0
Arby's,1220,2431012.0,24312175.83,10.0,21.0
KFC,909,1486285.0,16355899.87,11.0,11.0
Pizza Hut,796,1186236.0,26103986.19,22.01,14.0
Sonic Drive-In,775,1405287.0,12375567.25,8.81,13.0
Domino's Pizza,773,1302968.0,26742402.84,20.52,13.0
Jack in the Box,573,395876.0,3832847.45,9.68,3.0
Dairy Queen,535,324477.0,2600147.68,8.01,4.0
Hardee's,389,301267.0,2808529.75,9.32,3.0
Jimmy John's,382,369579.0,4255953.2,11.51,4.0
Chick-fil-A,354,478632.0,4875914.92,10.19,2.0
Panera Bread,216,115971.0,1447985.53,12.49,1.0
Waffle House,204,,,,
Carl's Jr.,195,116187.0,1116466.48,9.61,1.0
Panda Express,188,381255.0,4117637.85,10.8,3.0
Chipotle Mexican Grill,179,,,,
Bojangles' Famous Chicken 'n Biscuits,175,,,,
Whataburger,158,131236.0,1298469.87,9.89,1.0
Krystal,148,,,,
Taco John's,139,,,,
Five Guys,134,,,,
Culver's,130,,,,
Del Taco,125,,,,
Checkers,120,,,,
Chick-Fil-A,119,,,,
Quiznos,117,,,,
Steak 'n Shake,115,,,,
Church's Chicken,105,,,,
Dunkin' Donuts,104,,,,
White Castle,102,,,,
Boston Market,99,,,,
Long John Silver's,99,,,,
Moe's Southwest Grill,86,,,,
Popeyes Louisiana Kitchen,82,58050.0,523320.16,9.02,1.0
Jersey Mike's Subs,79,,,,
Kfc,77,,,,
In-N-Out Burger,73,,,,
Rally's,70,57881.0,520776.12,8.99,1.0
Wendys,70,,,,
El Pollo Loco,67,,,,
Taco Time,66,,,,
Bob Evans,59,,,,
SONIC Drive-In,57,,,,
Dominos Pizza,56,,,,
Firehouse Subs,53,,,,
Wienerschnitzel,51,,,,
QDOBA Mexican Eats,48,,,,
Krispy Krunchy Chicken,47,,,,
Five Guys Burgers Fries,42,,,,
Sbarro,40,57803.0,518243.5,8.96,1.0
Carl's Jr,40,,,,
Dairy Queen Grill Chill,40,,,,
Captain D's,39,,,,
Jimmy Johns,38,,,,
Dunkin Donuts,37,,,,
Round Table Pizza,36,,,,
Baskin-Robbins,36,,,,
Arbys,35,,,,
Penn Station East Coast Subs,35,,,,
Sonic,34,,,,
Little Caesars Pizza,33,,,,
Golden Chick,32,,,,
Taco Bueno,32,,,,
Blimpie,32,,,,
Papa John's Pizza,30,,,,
Fox's Pizza Den,30,,,,
Popeye's Louisiana Kitchen,30,,,,
Jack's,30,,,,
Chicken Express,29,,,,
Charley's Grilled Subs,28,,,,
Mcdonalds,28,,,,
Pollo Tropical,26,,,,
Cook Out,26,,,,
Gold Star Chili,26,,,,
Hardees,26,,,,
Dairy Queen Grill & Chill,26,,,,
Orange Julius,25,,,,
Jack's Family Restaurants,25,,,,
Raising Cane's Chicken Fingers,23,,,,
Popeye's Chicken & Biscuits,23,,,,
Fazoli's,22,,,,
McAlister's Deli,22,,,,
Pei Wei,21,,,,
Hardee's / Red Burrito,21,,,,
ChickfilA,21,,,,
Skyline Chili,20,,,,
7-Eleven,20,,,,
AW All-American Food,20,,,,
Long John Silvers,18,,,,
BLIMPIE,18,,,,
AW Restaurants,18,,,,
KFC - Kentucky Fried Chicken,17,,,,
Wingstop,17,,,,
Pizza Pro,17,,,,
Jason's Deli,16,,,,
SUBWAY¬Æ,16,,,,
Runza,15,,,,
Rallys,15,,,,
Wingstop Restaurant,15,,,,
Sarku Japan,15,,,,
Cook-Out,15,,,,
Baja Fresh,15,,,,
Taco Cabana,14,,,,
Taco Johns,14,,,,
Captain D's Seafood Kitchen,14,,,,
Quiznos Sub,13,,,,
Farmer Boys,13,,,,
Old Country Buffet,13,,,,
Popeyes,13,,,,
Captain D's Seafood,13,,,,
Back Yard Burgers,13,,,,
McDonald's - CLOSED,13,,,,
Mc Donald's,13,,,,
Blake's Lotaburger,12,,,,
Papa Gino's,12,,,,
Taco Del Mar,12,,,,
Mr Hero,12,,,,
Port of Subs,12,,,,
Churchs Chicken,12,,,,
Mellow Mushroom,12,,,,
Arctic Circle,11,,,,
Carl's Jr. / Green Burrito,11,,,,
Einstein Bros Bagels,11,,,,
Qdoba Mexican Grill,11,,,,
Famous Dave's,11,,,,
Carls Jr,11,,,,
Mcalister's Deli,11,,,,
Papa Johns Pizza,11,,,,
Hot Dog on a Stick,10,,,,
Bob Evans Restaurant,10,,,,
Jack In The Box,10,,,,
Taco Mayo,10,,,,
Bojangles Famous Chicken n Biscuits,10,,,,
Chick-fil-a,10,,,,
Topper's Pizza,9,,,,
Jamba Juice,9,,,,
Zaxby's,9,,,,
Capriotti's Sandwich Shop,9,,,,
Which Wich,9,,,,
Tropical Smoothie Cafe,9,,,,
Simple Simon's Pizza,9,,,,
Sonic Drive-in,9,,,,
Big Boy,9,,,,
Steak Escape,8,,,,
Rally's Hamburgers,8,,,,
Ryan's,8,,,,
Red Robin Gourmet Burgers and Brews,8,,,,
Krispy Kreme,8,,,,
Five Guys Burgers & Fries,8,,,,
Popeyes Chicken and Biscuits,8,,,,
Lion's Choice,7,,,,
Taqueria,7,,,,
Grandy's,7,,,,
D'Angelo Grilled Sandwiches,7,,,,
Pollo Campero,7,,,,
Saladworks,7,,,,
Freddy's Frozen Custard Steakburgers,7,,,,
Hardees Red Burrito,7,,,,
Frisch's Big Boy,7,,,,
Lee's Famous Recipe Chicken,7,,,,
Auntie Anne's Soft Pretzels,7,,,,
Popeye's,7,,,,
Fatburger,6,,,,
Auntie Anne's,6,,,,
Pick Up Stix,6,,,,
Raising Cane's,6,,,,
Schlotzsky's,6,,,,
Jasons Deli,6,,,,
Sonic DriveIn,6,,,,
Captain Ds,6,,,,
Wings To Go,6,,,,
TacoTime,6,,,,
Casey's General Store,5,,,,
Pal's Sudden Service,5,,,,
Mr. Hero,5,,,,
Crown Fried Chicken,5,,,,
Charleys Philly Steaks,5,,,,
Andy's Frozen Custard,5,,,,
Baker's Drive Thru,5,,,,
Popeyes Chicken & Biscuits,5,,,,
Baja Fresh Mexican Grill,5,,,,
Kum & Go,5,,,,
Fosters Freeze,5,,,,
Steak N Shake,5,,,,
Qdoba Mexican Eats,5,,,,
Tastee Freez,5,,,,
Dairy Queen (Treat),5,,,,
Sonic Drive-In - Temporarily Closed,5,,,,
Jerry's Subs and Pizza,5,,,,
Steak n Shake,5,,,,
Red Robin Gourmet Burgers,5,,,,
Culvers,5,,,,
Wing Street,5,,,,
Cousins Subs,5,,,,
Burger King - Temporarily Closed,5,,,,
Potbelly Sandwich Works,5,,,,
Big Boys,5,,,,
Amigos/Kings Classic,5,,,,
The Flame Broiler,4,,,,
Starbucks Coffee,4,,,,
Chipotle,4,,,,
Carl's Jr / Green Burrito,4,,,,
Toppers Pizza,4,,,,
Sheetz,4,,,,
Smoothie King,4,,,,
Taco Casa,4,,,,
Hometown Buffet,4,,,,
Wetzel's Pretzels,4,,,,
Spangles,4,,,,
Yoshinoya,4,,,,
Pretzel Time,4,,,,
Shake Shack,4,,,,
Cousin's Subs,4,,,,
Abby's Legendary Pizza,4,,,,
Moes Southwest Grill,4,,,,
Carls Jr Green Burrito,4,,,,
Subway Sandwiches,4,,,,
Foxs Pizza Den,4,,,,
Burgerville,4,,,,
Pita Pit,4,,,,
Roy Rogers,4,,,,
Manchu Wok,4,,,,
Teddy's Bigger Burgers,4,,,,
Bad Daddys Burger Bar,4,,,,
Wingstreet,4,,,,
Big Apple Bagels,4,,,,
Slim Chickens,4,,,,
Great Steak,4,,,,
BaskinRobbins,4,,,,
A&W All-American Food,4,,,,
Baker's Drive-thru,3,,,,
Penguin Point,3,,,,
Great Wraps,3,,,,
KFC/Taco Bell,3,,,,
Smashburger,3,,,,
Arby's - Closed,3,,,,
Original Tommy's Hamburgers,3,,,,
b.good,3,,,,
Wawa,3,,,,
Bush's Chicken,3,,,,
King Gyros,3,,,,
Johnny Rockets,3,,,,
Braum's,3,,,,
Chronic Tacos,3,,,,
California Tortilla,3,,,,
Filippi's Pizza Grotto,3,,,,
Jerry's Subs & Pizza,3,,,,
Joe's Crab Shack,3,,,,
Jollibee,3,,,,
Bobby's Burger Palace,3,,,,
McAlisters Deli,3,,,,
Cinco de Mayo,3,,,,
Jersey Mikes Subs,3,,,,
Joe's Burgers,3,,,,
Ryans,3,,,,
Fazolis,3,,,,
Maid-Rite,3,,,,
DQ Grill Chill,3,,,,
Tim Hortons,3,,,,
Roly Poly,3,,,,
Hot Dog On A Stick,3,,,,
Seminole Subs Gyros,3,,,,
Starbucks,3,,,,
Mooyah,3,,,,
Bob's Burgers Brew,3,,,,
Bellacino's,3,,,,
Dairy Queen-Russo,3,,,,
Bud's Chicken & Seafood,3,,,,
Nathan's Famous Hot Dogs,3,,,,
Cafe Rio,3,,,,
BurgerFi,3,,,,
Hardee's/Red Burrito,3,,,,
China House,3,,,,
Burgerfi,3,,,,
A&W,3,,,,
A&W All American Food,3,,,,
Redbox,3,,,,
KFC / Taco Bell,3,,,,
A&W Restaurant,3,,,,
Goodcents Deli Fresh Subs,3,,,,
Good Times Burgers & Frozen Custard,3,,,,
High Tech Burrito,2,,,,
Pizza Pipeline,2,,,,
Richard's Pizza,2,,,,
Au Bon Pain,2,,,,
Togo's,2,,,,
Cluck-U Chicken,2,,,,
Jon Smith Subs,2,,,,
Shell,2,,,,
Taco Bell / KFC,2,,,,
China Buffet,2,,,,
Bojangles,2,,,,
Islands Restaurant,2,,,,
Popeyes Chicken Biscuits,2,,,,
Miguel's Jr,2,,,,
Pilot Travel Center,2,,,,
Zio's Italian Kitchen,2,,,,
Walmart Supercenter,2,,,,
Portillo's,2,,,,
Petro's Chili & Chips,2,,,,
Halo Burger,2,,,,
Sub Conscious,2,,,,
Bad Daddy's Burger Bar,2,,,,
Don & Millie's,2,,,,
El Pollo Regio,2,,,,
El Sombrero,2,,,,
Genghis Grill,2,,,,
Ben & Jerry's,2,,,,
Nick's Gyros,2,,,,
Chinatown Express,2,,,,
Chicken Kitchen,2,,,,
Zankou Chicken,2,,,,
Sam's Gyros,2,,,,
PDQ,2,,,,
All About Burger,2,,,,
Nathan's Famous,2,,,,
Long John Silvers / A&W,2,,,,
Barberitos,2,,,,
Mrs. Fields,2,,,,
B.GOOD,2,,,,
Tom's Drive In,2,,,,
Blackjack Pizza,2,,,,
Mc Donalds,2,,,,
Foster's Freeze,2,,,,
Hardee's/red Burrito,2,,,,
Pizza Guys,2,,,,
Garden Catering,2,,,,
Auntie Anne's Pretzels,2,,,,
Bennidito's Pizza,2,,,,
Pepperjax Grill,2,,,,
Rubio's,2,,,,
Maid-rite,2,,,,
Flame Broiler,2,,,,
Smithfield's Chicken 'n Bar-b-q,2,,,,
Huddle House,2,,,,
Luby's,2,,,,
Roma Pizza,2,,,,
Mustard Seed,2,,,,
Edo Japanese Restaurant,2,,,,
AW,2,,,,
Pilchuck Drive In,2,,,,
Tatanka Take-Out,2,,,,
Bob's Dogs,2,,,,
Steak 'N Shake,2,,,,
Rustic Cafe,2,,,,
InNOut Burger,2,,,,
Burger King®,2,,,,
El Coronel,2,,,,
El Tepeyac Grille,2,,,,
Elevation Burger,2,,,,
Nakato Japanese Steakhouse,2,,,,
Golden China Restaurant,2,,,,
Dino's Gyros,2,,,,
Hamburger Mary's,2,,,,
Freddys Frozen Custard Steakburgers,2,,,,
CookOut,2,,,,
Tokyo Seoul,2,,,,
Cafe Strudel,2,,,,
Arbys CLOSED,2,,,,
Rockne's,2,,,,
EuroGyro,2,,,,
China Bell Restaurant,2,,,,
Cafe Yumm,2,,,,
Next Level Burger,2,,,,
Taco Tontos,2,,,,
Blakes Lotaburger,2,,,,
Northeastern State University,2,,,,
Boddie-Noell Enterprises,2,,,,
Brown's Chicken,2,,,,
Burky's Grill,2,,,,
Foster's Grille,2,,,,
Church's Chicken Of Birmingham,2,,,,
China Lin,2,,,,
Golden Teriyaki,2,,,,
Wild Sage American Bistro,2,,,,
Luigi's Italian Restaurant,2,,,,
Fit Body Bistro,2,,,,
Taco del Mar,2,,,,
Palmetto Ale House,2,,,,
Chicago Gyros,2,,,,
China Jade,2,,,,
Tudor's Biscuit World,2,,,,
Snoopy's Hot Dogs,2,,,,
Taste of Buffalo Pizzeria,2,,,,
Char-Grill,2,,,,
House of Lee,2,,,,
Togo's Eatery,2,,,,
Maple Street Bistro,2,,,,
Sonic Drive-In - Closed,2,,,,
Swenson's Drive In Restaurants,2,,,,
Asian Garden,2,,,,
Touchdown Wings,2,,,,
I Love Country Cafe,2,,,,
Panda Chinese Restaurant,2,,,,
Mocha Express,2,,,,
Backyard Burgers,2,,,,
Puffy Muffin,2,,,,
Thrasher's French Fries,2,,,,
Rush's,2,,,,
House Of Kobe,2,,,,
Teddy's Burger Joint,2,,,,
Dairy Freeze,2,,,,
Taco CASA,2,,,,
Ichiban Japanese Steakhouse,2,,,,
Restaurant,2,,,,
Louisiana Fried Chicken,2,,,,
Kolache Factory,2,,,,
Ben's Soft Pretzels,2,,,,
Juicy Burger,2,,,,
China Cottage,2,,,,
KFC Kentucky Fried Chicken,2,,,,
Checkers Drive-In Rstrnt Inc,2,,,,
Grub Burger Bar,2,,,,
Mojo's,2,,,,
Frisch's Big Boy Restaurant,2,,,,
Hot Head Burritos,2,,,,
Twenty-Four Carrot Cuisine,2,,,,
Pizza Express,2,,,,
Evangelo's Restaurant,2,,,,
Milo's Hamburgers,2,,,,
Full Moon Bar-B-Que,2,,,,
Bates House Of Turkey Inc,2,,,,
Bru Burger Bar,2,,,,
Yen Ching Restaurant,2,,,,
Mediterrano Cafe,2,,,,
George's Gyros Spot,2,,,,
Noodles Company,2,,,,
Fery's Catering,2,,,,
Burger Ranch,2,,,,
Hooters,2,,,,
Souvlaki,2,,,,
China King,2,,,,
Iceberg Drive Inn,2,,,,
Aw Restaurants,2,,,,
Einstein Bros. Bagels,2,,,,
City Bites,2,,,,
Braum's Ice Cream Burger Restaurant,2,,,,
Chuck E. Cheese's,2,,,,
Burger Hut,2,,,,
Cadillac Jack's Saloon Grill,2,,,,
Mr Gyros,2,,,,
WG Grinders,2,,,,
A&w Restaurant,2,,,,
Popeye's Chicken,2,,,,
SUBWAY®,2,,,,
Checker's,2,,,,
Blimpie Subs & Sandwiches,2,,,,
Dairy Cheer,2,,,,
Belleria Pizzeria,1,,,,
Parkside Gyros,1,,,,
Tiffin,1,,,,
Moe's Cafe,1,,,,
Vista Drive In,1,,,,
China City,1,,,,
The Corner Cafe,1,,,,
Maki Fresh,1,,,,
Dairy Heaven,1,,,,
Cobani Gyro Kebab,1,,,,
Grand China Chinese Restaurant,1,,,,
East of Edens,1,,,,
Lin's Garden,1,,,,
Capri Italian Restaurant,1,,,,
Pretzel Maker,1,,,,
Fox's Gourmet Delicatessen,1,,,,
Mignano Bros,1,,,,
ShopHouse Southeast Asian Kitchen,1,,,,
Batter Up,1,,,,
Golden Dragon,1,,,,
Cook St. Helena,1,,,,
Quizno's,1,,,,
Backyard Grill,1,,,,
Local Burger,1,,,,
Marathon,1,,,,
T-Mobile,1,,,,
Errandbug Fast Restaurant Delivery,1,,,,
Legendz,1,,,,
Adobe Cantina Salsa,1,,,,
El Original,1,,,,
Burger King/Popeyes,1,,,,
Photo's Hot Dogs,1,,,,
Los Cotijas Taco Shop,1,,,,
Wendy's Valenti Management,1,,,,
Tropicana Pizza,1,,,,
Steele Pier Hotdogs,1,,,,
Best Gyros,1,,,,
VeganBurg,1,,,,
Riviera D'Italia,1,,,,
Charlie's Restaurant,1,,,,
Burrito Bros.,1,,,,
Great Bend Taco,1,,,,
The Dog Pit,1,,,,
Kasa's Pizza,1,,,,
Shamus's Sandwich Shoppe,1,,,,
Fajita Grill,1,,,,
Good Guys Pizza,1,,,,
Lakewood Ranch Baptist Church,1,,,,
George's Gyros Spot 2,1,,,,
The Grille,1,,,,
Regions Bank,1,,,,
King Wah,1,,,,
KFC/AW,1,,,,
Wolf's Dairy Queen,1,,,,
Long John Silver's / AW,1,,,,
Mcdonalds Whitehouse,1,,,,
Penn's Thai Cafe,1,,,,
Sweet Magnolia's Cafe Bakery,1,,,,
Great American Hamburger Pie Co,1,,,,
Golden Harvest Chinese Restaurant,1,,,,
The Arch at McDonald's Campus Office Building,1,,,,
Buona Vita,1,,,,
Rick's Drive In Out,1,,,,
Johnson's Popcorn,1,,,,
Boloco,1,,,,
Wienerschitzel,1,,,,
Jack's Goal Line Stand,1,,,,
Lupo's Char-Pit,1,,,,
Hobo's Korner Kitchen,1,,,,
Mangia Pizza,1,,,,
Sam's Pizza Restaurant,1,,,,
Little Italy,1,,,,
Bucky's Family Restaurant,1,,,,
Mickey's Gyros & Ribs,1,,,,
Fratellos Hot Dogs,1,,,,
Kismet,1,,,,
Ocean Empire Restaurant,1,,,,
Fast Eddie's MOAB,1,,,,
Burger King¬Æ,1,,,,
Taco Bell/Pizza Hut,1,,,,
KFC/Long John Silvers,1,,,,
Carl's Jr. / The Green Burrito,1,,,,
Five Guys Burgers And Fries,1,,,,
Umami Burger,1,,,,
Lake Trout 2,1,,,,
Flaming Grill and Buffet,1,,,,
Happy Dragon,1,,,,
Country Buffet,1,,,,
California Chicken Cafe,1,,,,
Blue Coast Burrito,1,,,,
Oscar's Restaurant,1,,,,
Flushing A,1,,,,
La Hacienda Mexican Restaurant,1,,,,
Cremo Drive-In,1,,,,
Cozumel,1,,,,
Mooney's Ice Cream Store,1,,,,
Jalsa Indian Fast Food,1,,,,
The Hat,1,,,,
Bell's Pizza,1,,,,
Kosta's Gyros,1,,,,
Heff's Burgers,1,,,,
The 50's Cafe,1,,,,
Papa J's,1,,,,
Palio's Pizza Cafe,1,,,,
Wise Guys A Chicago Eatery,1,,,,
Sonic America's Drive-In,1,,,,
Poki Roll,1,,,,
Ly's Cafe,1,,,,
PepperJax Grill,1,,,,
Stoko's,1,,,,
Mr. Gyros Greek Food & Pastry,1,,,,
Legends Burgers,1,,,,
Plato's Closet,1,,,,
90 Miles Cuban Cafe,1,,,,
Eegee's,1,,,,
Earth Fare,1,,,,
B&D Burgers,1,,,,
Tonys Pizza,1,,,,
Megs Drive In,1,,,,
The Hotdog Shoppe,1,,,,
Kumagoro Fine Japanese Restaurant and Sushi Bar,1,,,,
Old Mill Crab House,1,,,,
Mr Taco,1,,,,
Whipper's Pizza,1,,,,
Kim's Oriental Kitchen,1,,,,
Hon Lin Restaurant,1,,,,
Sesame Burgers & Beer,1,,,,
Mah's Garden Restaurant,1,,,,
Dairy Queen (Treat Only),1,,,,
Jimmy's Grotto,1,,,,
McDonalds's,1,,,,
Jim Bob's Chicken Fingers,1,,,,
BURGERFI,1,,,,
Rascal's Teriyaki Grill,1,,,,
Ay Jalisco,1,,,,
TheMINT Gastropub,1,,,,
Thai Delight,1,,,,
Gyros Express,1,,,,
Zaxby's Chicken Fingers & Buffalo Wings,1,,,,
Super Wings,1,,,,
Roche Bros.,1,,,,
Extreme Pita,1,,,,
Flying J,1,,,,
Git-It-N-Git,1,,,,
GD Bro Burger,1,,,,
Fat Boy Burgers,1,,,,
Sunrise Gyros,1,,,,
Fashion Cafe,1,,,,
Ray J's American Grill,1,,,,
New York Pizza Department,1,,,,
Tam's Burgers,1,,,,
Checker's Pizza,1,,,,
Chinatown Inn,1,,,,
Panda Express Innovation Kitchen,1,,,,
Raising Canes,1,,,,
McDonald's of Rolesville,1,,,,
CD's Wings,1,,,,
A&W/Long John Silvers,1,,,,
Westchester Burger Company,1,,,,
HiBoy Drive-in,1,,,,
El Ranchito Taco Shop,1,,,,
Papa Joe's Pizza,1,,,,
Festival Eatery,1,,,,
Patrick's on Third,1,,,,
Hilton Boston Logan Airport,1,,,,
Mason's Famous Lobster Rolls,1,,,,
Bristol 45 Diner,1,,,,
Frankies,1,,,,
Togi's Sub Station,1,,,,
Citizen Burger Bar,1,,,,
Clambake Seafood Restaurant,1,,,,
BeanThru,1,,,,
Taco Bell/KFC,1,,,,
Papa Gyros,1,,,,
Cafe Zona Rosa,1,,,,
The Swinging Door,1,,,,
Burger House,1,,,,
Guerrazzi's,1,,,,
Gus's Carryout,1,,,,
Siam Fusion,1,,,,
Tacconelli's Pizza,1,,,,
Mr. Chicken,1,,,,
Gambino's Pizza,1,,,,
West Point Pizza,1,,,,
Dragon Dragon,1,,,,
Sumo Steaks,1,,,,
Band Box Diner,1,,,,
Pony Express To Go,1,,,,
Boston Burger Company,1,,,,
Romas Pizza,1,,,,
Gyromania Grill,1,,,,
The New Chalet,1,,,,
Ben and Jerry's,1,,,,
Lobster Hut,1,,,,
Burger Basket,1,,,,
Mr. Hoagie,1,,,,
Fazzari's,1,,,,
China Garden,1,,,,
China Restaurant,1,,,,
Mama's Fried Chicken,1,,,,
El Taquito,1,,,,
Four Burgers,1,,,,
Mandarin Garden,1,,,,
Fuddruckers,1,,,,
Miss Katie's Diner,1,,,,
Fat Mo's Burgers,1,,,,
Creperie,1,,,,
Wild Willy's,1,,,,
Ivan's Restaurant,1,,,,
Jake's Wayback Burgers,1,,,,
Shawarma Kebab,1,,,,
Taco Mama,1,,,,
King of Wings,1,,,,
Tumby's Pizza,1,,,,
Eudici's Pizza,1,,,,
Cottage Inn Pizza,1,,,,
Boomer's Drive-In,1,,,,
W.G. Grinders,1,,,,
Caseys Carry Out Pizza,1,,,,
Lacey's On The Hill Restaurant,1,,,,
Chicken Inn,1,,,,
Christo's Original,1,,,,
Carvel,1,,,,
Milk Street Cafe,1,,,,
Fat Patty's,1,,,,
Copper Oven Artisan Pizza,1,,,,
Cupie's Drive-In,1,,,,
Nino's Pizzarama,1,,,,
Little Q Hot Pot,1,,,,
Boston Road Pizza,1,,,,
Pizza Barn,1,,,,
Rico's Pizza & Subs,1,,,,
B's Pizza,1,,,,
Grande Italian Restaurant,1,,,,
Arni's Crawfordsville,1,,,,
Pizza Pub,1,,,,
Italo's Pizza,1,,,,
Primo's Pizza,1,,,,
CASA Mexicana,1,,,,
Hunan Gardens,1,,,,
Players Grill,1,,,,
Big House Burgers,1,,,,
Hernandez Mexican Restaurant,1,,,,
Glorious Foods Gourmet to go & Catering,1,,,,
Ameci Pizza & Pasta,1,,,,
Ak Buffet,1,,,,
Chicago Pizza With A Twist,1,,,,
Surfside Burger Shack,1,,,,
Boys Burgers,1,,,,
Barro's Pizza,1,,,,
China Bowl Take Out Restaurant,1,,,,
El Burrito Loco,1,,,,
Chanello's Pizza,1,,,,
Capri Restaurant,1,,,,
Angelina's Pizza,1,,,,
A's Ace Burgers,1,,,,
Wolf River Diner,1,,,,
Picnic Basket,1,,,,
The Extreme Pita,1,,,,
Peach Garden,1,,,,
St. Clair Broiler,1,,,,
Dominick's Italian Restaurant,1,,,,
B Good,1,,,,
Natraj's Tandoori,1,,,,
Acropolis Gyro Palace,1,,,,
Dick's Hamburgers,1,,,,
Sonic Drive in,1,,,,
Red Baron Drive-In,1,,,,
Pita's Republic,1,,,,
Comet Burgers,1,,,,
Boardwalk Grill,1,,,,
Henny Penny Family Restaurant,1,,,,
Dominion Pizza,1,,,,
Charlie's Pizzeria,1,,,,
Johnny's Wife's Place,1,,,,
Price's Chicken Coop,1,,,,
Lilly's Restaurant,1,,,,
Salad Creations,1,,,,
Low Chinese American Restaurant,1,,,,
Sakura Japanese Restaurant,1,,,,
Gangnam Style Korean Kitchen,1,,,,
Bubba's Texas Burger Shack,1,,,,
Ani's Chicken,1,,,,
Sakana,1,,,,
Hot Lips Pizza,1,,,,
Italian Pizzeria Restaurant,1,,,,
Chun Wah Kam Noodle Factory,1,,,,
Shangri-la Chinese Restaurant,1,,,,
Taco Bob's,1,,,,
The Pizza Company,1,,,,
Pizza Inn,1,,,,
Gourmet Grill,1,,,,
Villa Italian Kitchen,1,,,,
Jacks N Joe,1,,,,
Frates Drive-In,1,,,,
Jim's Steaks,1,,,,
Kow Thai Take Out,1,,,,
iSushi,1,,,,
Beef Villa,1,,,,
Tanuki Sushi Bar and Garden,1,,,,
Old Carolina Barbecue Company,1,,,,
The Sandwich Place,1,,,,
Blackies Hotdog Stand,1,,,,
Little Caesar's Pizza,1,,,,
Boddie Noell Enterprises Inc,1,,,,
My Daddy's Pizza & Grille,1,,,,
Great Wall Restaurant,1,,,,
Big Island Pizza,1,,,,
Danielle Inc,1,,,,
Tony Wang's Chinese Restaurant,1,,,,
D & M Subs,1,,,,
Cafe Paris,1,,,,
Abruzzi Pizza,1,,,,
Bistro To Go,1,,,,
Arthur Treacher's Fish & Chips,1,,,,
Jack in the Box -,1,,,,
Fuku,1,,,,
Little Caesars,1,,,,
Primo Hoagies,1,,,,
De Afghanan Kabob House,1,,,,
Moe's Burger Joint,1,,,,
Chicken Mary's,1,,,,
Loving Hut,1,,,,
Jim's Steakout,1,,,,
Charo Chicken,1,,,,
Italian Village Pizza,1,,,,
Krystal Burgers,1,,,,
L L Hawaiian Barbeque,1,,,,
Big Billys Burger Joint,1,,,,
Oberweis Ice Cream and Dairy Store,1,,,,
Cougar Cottage,1,,,,
Rancho Viejo,1,,,,
"Ogawa's Wicked Sushi, Burgers And Bowls",1,,,,
Hunan House,1,,,,
Big Joes Burgers Wings,1,,,,
Davy's Burger Ranch,1,,,,
Sorelli Pizza,1,,,,
Double Dragon,1,,,,
Tumbleweeds Mexican Flair,1,,,,
K's Drive In,1,,,,
Lake City Drive In,1,,,,
King David Dogs,1,,,,
Massey's Pizza,1,,,,
Killer Burger,1,,,,
LA Quesadilla,1,,,,
Tiny Town Carry Out,1,,,,
PopN Brew Drive Thru,1,,,,
Breadeaux Pizza,1,,,,
Happy Harbor Oyster Bay,1,,,,
Dairy Queen Orange Julius,1,,,,
McDonalds Family Restaurant,1,,,,
Moby Dick,1,,,,
Isabellas Pizzeria,1,,,,
Miyoko Sushi,1,,,,
Pietro's Pizza & Gallery of Games,1,,,,
Cafe Stephanie,1,,,,
Ice Cream Paradise,1,,,,
Ritter's Frozen Custard,1,,,,
Killer Burgers,1,,,,
Cheetah Palm Beach,1,,,,
1 Gyro Shoppe,1,,,,
J C K Restaurants Inc,1,,,,
Oak & Olive,1,,,,
New Japan Express,1,,,,
Taco John's - Temporarily Closed,1,,,,
Kimono Japanese Restaurant,1,,,,
Press Club (The),1,,,,
Irma's Burger Shack,1,,,,
Rudino's Pizza & Grinders,1,,,,
Abbys Restaurant Bar,1,,,,
Big Town Hero,1,,,,
Quiznos Closed,1,,,,
Churpeys of Alabama,1,,,,
AW Restaurant,1,,,,
Subway 16 Mile,1,,,,
Jam Restaurants,1,,,,
Bakers Drive Thru,1,,,,
French's Classic Burgers,1,,,,
Zack's Hamburgers,1,,,,
Burrito Amigos,1,,,,
Lennys Burger Shop,1,,,,
Manhattan Pizza Subs,1,,,,
Pietros Pizza,1,,,,
Patio Beef,1,,,,
Pizza Place,1,,,,
Giant Burger,1,,,,
BeefARoo,1,,,,
Nonna Emilia Ristorante,1,,,,
Lizard's Thicket Restaurant,1,,,,
Blackbeard's Restaurant,1,,,,
Tino's Carry Out,1,,,,
Mr GS Coffee Shop,1,,,,
Urban Burger Bar,1,,,,
Afternoon Deli,1,,,,
Friar Tuck's Restaurant & Bar,1,,,,
Los Burritos LLC,1,,,,
Banana Leaf Restaurant,1,,,,
Waipuna Sushi,1,,,,
Everything To Go,1,,,,
Sweet Ts Restaurant Bar,1,,,,
Salmon River Pronto Pup,1,,,,
Desert Subway,1,,,,
Great Wall Of China Restaurant,1,,,,
Jim Tom's,1,,,,
El Jardin,1,,,,
Sno-White Drive In,1,,,,
El Burrito Jr,1,,,,
Adalberto's Mexican Food,1,,,,
Cisco's Taqueria,1,,,,
Philly Cheese Steak Shoppe,1,,,,
Grinder Deli Restaurant and Catering,1,,,,
Sumo Japanese Steak House,1,,,,
Mucho Gusto Mexican Kitchen,1,,,,
Jack's Hamburgers,1,,,,
Armadillo's,1,,,,
Hi Life Burgers,1,,,,
New York Pizza,1,,,,
Carolina Crossing Restaurant,1,,,,
Wally's White River Drive-In,1,,,,
919 Dine,1,,,,
Greek Fiesta,1,,,,
Hibachi Bistro of Monkey Junction,1,,,,
Flaming Amy's Burritos,1,,,,
Mambo Grill Tapas,1,,,,
Carry Out Cabby,1,,,,
Sup Dogs,1,,,,
Biscuit King,1,,,,
El Fuego,1,,,,
Chuck's Burgers Freits,1,,,,
Larry's Restaurant,1,,,,
Chinshan,1,,,,
Banana Cabana,1,,,,
Gilligan's Steamer Raw Bar,1,,,,
Taylor Gourmet,1,,,,
L'Enfant Plaza,1,,,,
Yums II Inc,1,,,,
Mi Pueblito Mexican Restaurant,1,,,,
Carmel's Restaurant Bar at The Grove Arcade,1,,,,
El Cazador Mexican Restaurant,1,,,,
Emma Key's,1,,,,
Cosmic Cantina,1,,,,
R O's Barbecue Restaurant,1,,,,
Baja Burrito,1,,,,
Midway West Drive-In,1,,,,
Blimpie Subs & Salads,1,,,,
Kozmic Cones,1,,,,
El Patron East Ave.,1,,,,
George's Burgers,1,,,,
Farlows on the Water,1,,,,
Deli On Rye,1,,,,
Hamburger Heaven,1,,,,
Cafeteria La Loma,1,,,,
Palermo's Restaurant,1,,,,
Bank's Southern Style Restaurant,1,,,,
Cafe Morocco,1,,,,
Cocodine Thai Cuisine,1,,,,
Silver Dragon,1,,,,
Leone's Italian Restaurants,1,,,,
Zips It's About Time Drive In,1,,,,
Did's Pizza Froyo,1,,,,
Gyro Town,1,,,,
Dickiejo's Burgers,1,,,,
Zel's Roast Beef All,1,,,,
New Thai Blues,1,,,,
Shake Pit,1,,,,
Keeses Simply Delicious,1,,,,
The Villa Restaurant,1,,,,
Taqueria Mi Tierra,1,,,,
Burger King - Closed,1,,,,
Sakura Gables Japanese Restaurant,1,,,,
Oriental Super Buffet,1,,,,
DQ Grill Chill Orange Julius,1,,,,
Sabieng Thai Cuisine,1,,,,
Super Duper Burgers,1,,,,
Stefano's Pizzeria,1,,,,
Dixie Lee Fried Chicken,1,,,,
Slice Of Life,1,,,,
Nicks Gyros and Phillys,1,,,,
Browns Diner,1,,,,
Baja Buds,1,,,,
The Emerald,1,,,,
Midas Burger,1,,,,
Raising Canes Chicken Fingers,1,,,,
Rudys Hot Dog,1,,,,
zpizza,1,,,,
Chilly Willy's,1,,,,
Jade's Chinese Restaurant,1,,,,
Rocknes,1,,,,
Leos Carryout,1,,,,
Time Warner Cable,1,,,,
Mai-Tai Restaurant,1,,,,
Sweet Pepper's Deli,1,,,,
Gyro Express,1,,,,
Peteys City Grill,1,,,,
Stars DriveIn,1,,,,
Pizza 4 Less,1,,,,
The Campbell House Inn Restaurant,1,,,,
Sushi Island Japenese Restaurant,1,,,,
Jaliscos Mexican Restaurant,1,,,,
Saffron,1,,,,
Mazatlan Mexican Restaurant,1,,,,
Nicholas' Restaurant,1,,,,
Zesto of West Columbia,1,,,,
Lola's Cafe At King's Landing,1,,,,
Chanello’s Pizza,1,,,,
Smithfields Chicken N BarBQ,1,,,,
Cozy Coffee Bistro,1,,,,
Baba Pop's Kitchen,1,,,,
Albee's NY Gyros,1,,,,
Nathans Famous,1,,,,
Fast Pizza Delivery,1,,,,
Bannastrows Crepes and Coffee Dadeland Mall,1,,,,
Lees Hamburgers,1,,,,
Tamolly's Mexican Restaurant,1,,,,
Dairy Queen Grill and Chill,1,,,,
Big Mill's Cheesesteaks,1,,,,
Wild Wings and Things,1,,,,
China Jade Chinese Take Out,1,,,,
Taco Box,1,,,,
Sam's Hotdog Stand,1,,,,
Rancho Fiesta Mexican Restaurant,1,,,,
Happy Daz,1,,,,
Frank's Roman Pizza,1,,,,
Hana Japanese Hibachi & Sushi Bar,1,,,,
Hop's Burger Bar,1,,,,
Bar-B-Q King,1,,,,
Taste Of Buffalo Pizzeria,1,,,,
El Tapatio Restaurante,1,,,,
Gyro's & More,1,,,,
Famous Gyro George,1,,,,
Hunan Gourmet Restaurant,1,,,,
Genji Go,1,,,,
Miller's Chicken,1,,,,
Al's Burger Shack,1,,,,
Miller's Drive In,1,,,,
Mama Guzzardi's Italian Restaurant,1,,,,
Westgate Pizza,1,,,,
L L Hawaiian Barbecue,1,,,,
Melvin's Hamburgers & Hot Dogs,1,,,,
Hog Heaven Bar-B-Q,1,,,,
Rockne's N Canton,1,,,,
Nong's Hunan Express,1,,,,
Golden Phoenix Restaurant,1,,,,
Hunan Lion Gourmet Chinese,1,,,,
The Oasis Restaurant and Delivery,1,,,,
SUSHI EN,1,,,,
Restaurante Monserrate,1,,,,
Mancino's Pizza,1,,,,
Yo Fresh Yogurt Cafe,1,,,,
LL Hawaiian Barbecue,1,,,,
Schaffners Drive In,1,,,,
Dairy queen,1,,,,
Philly Connection,1,,,,
Carriage House Restaurant,1,,,,
Silver Palace,1,,,,
China Star Chinese Restaurant,1,,,,
Barbonzai,1,,,,
Mod Pizza,1,,,,
Salata,1,,,,
Masala Wok,1,,,,
Cafe Yumm - River Bend,1,,,,
Wimpy's Grill,1,,,,
Cruzers,1,,,,
Tomaso's Italian Restaurant,1,,,,
Skorpios Gyros,1,,,,
H C Way Asian Bistro,1,,,,
Emidio & Sons Italian Restaurant,1,,,,
Grandad's Pizza and Pub,1,,,,
Wayback Burgers,1,,,,
Fusion Partners,1,,,,
Fatt Chicks Burgers,1,,,,
Country Pride,1,,,,
Ski Daddy's,1,,,,
Cafe 22,1,,,,
Manila To Go,1,,,,
2 Bits Cafe,1,,,,
The Hang Out,1,,,,
Hounds Drive In Theatre,1,,,,
Ivans Restaurant,1,,,,
Nation's Giant Hamburgers & Great Pies,1,,,,
Biggen's Burgers Barbie-q,1,,,,
Thai Ginger Restaurant Bar,1,,,,
Red Angel Pizza,1,,,,
Bella Bistro,1,,,,
Zorba's Gyro On A Spit,1,,,,
Masaki Kyoto Japanese Restaurant,1,,,,
Sabrina's Lunch In A Box,1,,,,
Panino's Italian Restaurant,1,,,,
Gardena Bowl Coffee Shop,1,,,,
Harvester Restaurant,1,,,,
D's Tamales Togo,1,,,,
Bibibop Asian Grill,1,,,,
The Mad Italian Pasta Steak House,1,,,,
Captain D'S,1,,,,
Fireplace Restaurant & Lounge,1,,,,
Imo's Pizza,1,,,,
Jackson's Bar & Oven,1,,,,
Zippers Restaurant Lounge,1,,,,
Mambo Grill and Tapas,1,,,,
Mai Tai Restaurant,1,,,,
Val's Rapid Service,1,,,,
Zack's Char-Grill,1,,,,
Burger KingPopeyes,1,,,,
Pasquale's Pizza & Italian Eatery,1,,,,
Miguel's Tacos,1,,,,
Gross' Burgers,1,,,,
Gulf Island Grill,1,,,,
King Neptune's Seafood Restaurant,1,,,,
Ricks on the River,1,,,,
Emidio Sons Italian Restaurant,1,,,,
Planet Sub,1,,,,
Jimmy's Classic Drive-In,1,,,,
Jims Fat Burger,1,,,,
Horizon's Hamburger Palace,1,,,,
Latah Bistro,1,,,,
Bacni's Pizza House And Ice Cream,1,,,,
Krispy's Fried Chicken Seafood,1,,,,
Tat Ristorante Di Famiglia,1,,,,
D P Dough,1,,,,
Ale House 1890,1,,,,
Local Joe's Pizza & Subs,1,,,,
Spaghettini,1,,,,
Buena Vista & Bv Ii Go,1,,,,
Burgers Stop,1,,,,
Fiesta En Jalisco,1,,,,
Denny's,1,,,,
China Bear,1,,,,
Breakingbread Cafe,1,,,,
Frosty Drive-In,1,,,,
Chicken Express of Conway,1,,,,
Gyro World,1,,,,
Tenda Chick,1,,,,
Chubz Famous Chiliburgers,1,,,,
Burger Master,1,,,,
L & L Drive-inn,1,,,,
Pot Belly Sandwich Works,1,,,,
Silverado Smokehouse,1,,,,
L & L Hawaiian Barbecue,1,,,,
Time-Out Restaurant,1,,,,
Lok Yaun Restaurant,1,,,,
Freddy's Frozen Custard & Steakburgers,1,,,,
Luxury Box,1,,,,
Bullritos,1,,,,
Continental Country Club,1,,,,
Puerto Vallarta,1,,,,
Shak Drive In Restaurant,1,,,,
Sam's Hotdog's,1,,,,
Rally Pizza,1,,,,
Hunan Lion Gourmet Chinese Dining,1,,,,
Eddie's Footlong Hotdogs Inc,1,,,,
Taste Of Thai,1,,,,
Gyro Spot,1,,,,
Crossroads Grill Of Siler City,1,,,,
Togo's Sandwiches,1,,,,
Sky-Way Drive In,1,,,,
Teds Hot Dogs,1,,,,
Good Mood Food,1,,,,
Charley's Grill & Spirits,1,,,,
Twin Pines Drive-In,1,,,,
Guayabitos Mexican Restaurant,1,,,,
Ardick Seafood Inc,1,,,,
South India Cuisine,1,,,,
Dianne's Dairy Center,1,,,,
Chefs Drive-Inn,1,,,,
Harrington's Drive In,1,,,,
Dolly's Cafe,1,,,,
Slickrock Burrito,1,,,,
Daddy's Hot Dogs,1,,,,
Robongi,1,,,,
Pizza Pub Italian Restaurant and Pizzeria,1,,,,
"Kadaydle's - Subs, Salads More",1,,,,
Szechuan Restaurant,1,,,,
Sus Hi Eatstation,1,,,,
Bassil's Pizza Subs,1,,,,
Mel's Hot Dogs,1,,,,
Dairy Queen - Closed,1,,,,
Squeeze-In Restaurant & Deck,1,,,,
Bosphorous Turkish Kitchen,1,,,,
Dunkin Donuts/baskinrobbins,1,,,,
Pincho Factory,1,,,,
Skips Chicago Dogs,1,,,,
Yeck Family Drive-In Restaurant,1,,,,
New Chan Express Chinese Restaurant,1,,,,
Chinatown,1,,,,
Bolay - West Palm Beach,1,,,,
Lakewood Ranch Lobster Pound,1,,,,
Sorrentos,1,,,,
Hazel's Hot Dogs,1,,,,
Cypress Cafe,1,,,,
Beach Pizza,1,,,,
Yeung House,1,,,,
Salem's Gyros Subs,1,,,,
Island Seafood Market,1,,,,
Classic Pizza,1,,,,
Lupitas Tex Mex,1,,,,
Famous Kahuku Shrimp Truck,1,,,,
La Taqueria De Ramiro,1,,,,
Cousins Seafood Bento,1,,,,
Outback Steakhouse,1,,,,
Burger In the Square,1,,,,
Little Big Burger,1,,,,
Taco Villa,1,,,,
Baskin Robbins,1,,,,
Mr Ronnie's Famous Hot Donuts,1,,,,
Wahmei Restaurant,1,,,,
Oscars Kabob Gyros,1,,,,
Larkburger,1,,,,
Dunkin',1,,,,
Codmother Fish Chips,1,,,,
Rocky Rococo Pizza and Pasta,1,,,,
Chow To Go Chinese Restaurant,1,,,,
Country Boys Drive In,1,,,,
Mr Pickles Sandwich Shop,1,,,,
Cook N' Pot,1,,,,
Boca Burger House,1,,,,
Jimmy John's Boyton Beach,1,,,,
Charlie Graingers,1,,,,
Super Chix - Now Open!,1,,,,
Dairy Queen (Treat) - Seasonally Closed,1,,,,
Steamer's Shellfish To Go,1,,,,
Bobby's Burgers,1,,,,
Tasty Asia Take Out,1,,,,
Marcello's Pizzeria,1,,,,
Lava Burgers And Wings,1,,,,
Carmine's Italian Restaurant,1,,,,
Sajj,1,,,,
Bootleggers Old Town Tavern Grill,1,,,,
Pepe's Tacos,1,,,,
Darmody Enterprises,1,,,,
Cafe Italiano,1,,,,
Canton Chinese Restaurant,1,,,,
Olympic Broil,1,,,,
Tims Tonys Restaurant and Takeout,1,,,,
The Greenery Cafe,1,,,,
Blue Monkey Cafe,1,,,,
Big Ross Hoagies,1,,,,
China Hollywood,1,,,,
Royles Gourmet,1,,,,
Farlow's On The Water,1,,,,
Ocharleys,1,,,,
Jean Kays Pasties,1,,,,
Kalamata Greek Cafe,1,,,,
Garcia Jo Jo's,1,,,,
Tios Tacos Restaurants,1,,,,
Napoli's Pizza,1,,,,
Chilis Grill & Bar,1,,,,
Don Taylor's Omelette Express,1,,,,
Carmen's,1,,,,
Canevari's Delicatessen Catering,1,,,,
Ramen Halu,1,,,,
Parker's Hot Dogs of Santa Cruz,1,,,,
Bon Appetit,1,,,,
Aybla Grill,1,,,,
Chando's Tacos,1,,,,
Giant Orange,1,,,,
Pita Q,1,,,,
Nationwide Freezer Meats,1,,,,
Brizio Pizza,1,,,,
Canneti Roadhouse Etaliano,1,,,,
Chicken Salad Chick of Jackson - Flowood,1,,,,
Dairy Queen Grill Chill - Temporarily Closed,1,,,,
Matadors Pizzeria,1,,,,
Brownies Hamburgers,1,,,,
Shandras Pizza,1,,,,
Nuevo Vallarta,1,,,,
El Paso Mexican Grill,1,,,,
Bistro 1888,1,,,,
Torchy's Tacos,1,,,,
Bistro & Basket To Go,1,,,,
Barb's Cafe,1,,,,
Kyoto Gardens,1,,,,
Scott's Catfish & Seafood,1,,,,
Williams Chicken,1,,,,
Whitts Barbecue,1,,,,
Whataburger - Closed,1,,,,
Bandanas Bar-B-Q,1,,,,
Burger Ranch Of Selah,1,,,,
Heroes American Grille,1,,,,
Jim's Restaurant Inc,1,,,,
Roy Rogers Restaurant,1,,,,
Dave's Cafe,1,,,,
Sunset Grill,1,,,,
Hunan Buffet,1,,,,
Big Als Too,1,,,,
Theo's Family Restaurant,1,,,,
La Fiesta,1,,,,
Pilot Butte Drive In,1,,,,
Casa Del Rio Mexican Restaurant,1,,,,
King Tut Drive-In,1,,,,
Coney I-Lander,1,,,,
Sharky's Modern Mexican Kitchen,1,,,,
Mafiaoza,1,,,,
China Star,1,,,,
Hooligan's American Mediterranean Restaurant,1,,,,
Jack's Old Fashion Hamburger,1,,,,
Woody's Drive-In,1,,,,
Szechwan Chinese Restaurant,1,,,,
Maui Mike's,1,,,,
Zippy's,1,,,,
Da Kitchen,1,,,,
Killer Tacos,1,,,,
Restaurant Kunio,1,,,,
Quik Wok Restaurant,1,,,,
Kalapaki Beach Hut,1,,,,
Cafe 100,1,,,,
Tom's Drive-In,1,,,,
Lin's Asian Bistro,1,,,,
T & L Hotdogs,1,,,,
T & L Hot Dogs,1,,,,
Chuong Garden,1,,,,
Bogey's,1,,,,
Big Boy Burger/Express Market,1,,,,
Whataburger of East Texas,1,,,,
Buffalo Bills Hot Wings To Go,1,,,,
Tuk Tuk Thai Grill DTC,1,,,,
143 Street Tacos,1,,,,
90 Frisch's Big Boy Restaurant,1,,,,
Dixie Queen,1,,,,
Cecil Whittaker's Pizzeria,1,,,,
Sara's Too,1,,,,
R Rooster BBQ Co.,1,,,,
Thai Cafe,1,,,,
Boomer's,1,,,,
Connie's Cantina,1,,,,
Sfiha's,1,,,,
Super Niro's Gyros,1,,,,
Key Pizza,1,,,,
Greek Plate Gyro's,1,,,,
Miller's Ale House,1,,,,
KFC - Closed,1,,,,
China Sea,1,,,,
Dino's Drive In,1,,,,
Boulder River Pizza Subs,1,,,,
Firehouse Pizza Restaurant,1,,,,
Annie's Cambodian Cuisine,1,,,,
The Grub House,1,,,,
Jimmy's Big Burgers,1,,,,
Griff's Hamburgers,1,,,,
Sushi To Go,1,,,,
Casola's Pizzeria & Sub Shop,1,,,,
La Hacienda,1,,,,
Bamboo Wok,1,,,,
CULVER'S,1,,,,
Sorrento's Restaurant,1,,,,
Mekong Thai Cuisine,1,,,,
Subway Sandwiches Salads,1,,,,
Apollo Greek Restaurant,1,,,,
Eddy's Chinese American Restaurant,1,,,,
Hunan Bar & Restaurant,1,,,,
Pizza Hut Express,1,,,,
Lucky's Burger Shack,1,,,,
Poppy's Burgers Subs,1,,,,
Big T Bar-B-Q,1,,,,
Buffet City,1,,,,
Tokyo Grill,1,,,,
Carolina Drive In,1,,,,
Pete's Drive-In,1,,,,
Hot Wing Express,1,,,,
IN-N-OUT WINGS,1,,,,
Lowcountry Wraps,1,,,,
Wingstop Fish Chicken,1,,,,
Risata Pizza,1,,,,
Platt's Seafood,1,,,,
Pages Okra Grill,1,,,,
STEAK 'N SHAKE,1,,,,
Hartz Chicken Buffet,1,,,,
Anf Gyros Grill,1,,,,
Stanfields Steak House,1,,,,
Health Camp,1,,,,
El Zarape Restaurant,1,,,,
Las Pinatas Of Maui,1,,,,
Highway Caf,1,,,,
Whataburger Of East Texas Corporate,1,,,,
Catfish Charlie's,1,,,,
Toms Burgers Grill,1,,,,
Wings Ole',1,,,,
Shaggy's Burgers Tacos,1,,,,
Hunt's Seafood Restaurant Oyster Bar,1,,,,
Roy's Club Italian Restaurant,1,,,,
House Of China,1,,,,
Matt's Takeout,1,,,,
Canton City Restaurant,1,,,,
Milano Pizza Greek,1,,,,
Bamboo House Chinese Restaurant,1,,,,
"Charton Management, Inc.",1,,,,
Pizzamania,1,,,,
Hillbilly Hotdog,1,,,,
G D Ritzy's,1,,,,
Truett's Chick-fil-A,1,,,,
McClure's Restaurant,1,,,,
Carina's Pizza & Grill,1,,,,
Burgers Inc,1,,,,
Saras Too,1,,,,
Sassy Bass Market Place,1,,,,
The Gulf,1,,,,
Sunflower Cafe,1,,,,
Pie Five Pizza,1,,,,
Saigon Noodle House,1,,,,
Fanny Ann's Saloon,1,,,,
Reuben's Mexican Food,1,,,,
Burrito Joint,1,,,,
Burrito Joe's,1,,,,
Dinners Delivery,1,,,,
Canton House,1,,,,
Moo Moo's Burger Barn,1,,,,
Awful Annie's,1,,,,
Ann Tony's Restaurant,1,,,,
Ny Chicken & Fish,1,,,,
The Original Pancake House,1,,,,
Top China Buffet,1,,,,
Tony's Italian Kitchen,1,,,,
Pizza Cottage,1,,,,
Ralphie's Sports Eatery,1,,,,
Piada Italian Street Food,1,,,,
40 Frisch's Big Boy Restaurant,1,,,,
Fit Food Express LLC,1,,,,
"Big Boy's Construction, Inc.",1,,,,
Manny's Restaurant,1,,,,
Bay Harbor,1,,,,
Flying Tiger Chinese Restaurant,1,,,,
Gentile's Bakery - Deli - Catering,1,,,,
Tito's Mexican Grill,1,,,,
Swensons Drivein,1,,,,
Grinders Above Beyond,1,,,,
Main Moon Chinese Restaurant,1,,,,
King Gyros Greek Restaurant,1,,,,
Fireplace Restaurant Lounge,1,,,,
The Oasis Restaurant Delivery,1,,,,
Nick and Jimmy's Bar Grill,1,,,,
Dairy Bar,1,,,,
Empress Express,1,,,,
Wild Goats Cafe,1,,,,
Suzie's Dogs Drafts,1,,,,
Fusian,1,,,,
Skippers-Vancouver,1,,,,
Laughing Planet Cafe,1,,,,
Michael's Italian Beef,1,,,,
Valentino's Pizzeria Restaurant,1,,,,
Donavitos Restaurant Catering Company,1,,,,
East Coast Pizza,1,,,,
Eddie's Chinese Take Out,1,,,,
Chinese To Go,1,,,,
Sheung Garden,1,,,,
JJ Fish and Chicken,1,,,,
Holy Hot Dog,1,,,,
Franky's,1,,,,
Happy Garden Restaurant,1,,,,
Sarafino's Pasta Pizza,1,,,,
Sushi Boat Town,1,,,,
Da Vita San Jose Pd Dialysis,1,,,,
Pop's Italian Beef & Sausage,1,,,,
Lahaina Pizza Company,1,,,,
Gyros King Subs & Salads,1,,,,
Rick's on the River,1,,,,
ABC Chinese Restaurant,1,,,,
Lime Fresh Mexican Grill,1,,,,
Georgio's,1,,,,
Go-Chicken-Go,1,,,,
Krystal - Closed,1,,,,
Mike's China Beach Chinese,1,,,,
Juan Pollo,1,,,,
Skin's Hotdogs,1,,,,
Nick's Gyros Subs,1,,,,
Wade's Restaurant,1,,,,
Basils Grille,1,,,,
Ellie's Mutt Hut & Vegetarian,1,,,,
Big Billy's Burger Joint,1,,,,
C J's Cakes Catering,1,,,,
Sundae House,1,,,,
Town House Drive-In Restaurant,1,,,,
Dellz Uptown,1,,,,
Tasty Goody Chinese Fast Food,1,,,,
Spice Thai Kitchen & Bar,1,,,,
Roma's Pizzeria,1,,,,
Izzy's Burger Spa,1,,,,
Pizza Plus,1,,,,
Melt Bar and Grilled,1,,,,
George's Coney's Gyro's,1,,,,
Neighborhood Sbarro,1,,,,
Bahn Thai Bistro,1,,,,
Tweeters Wings,1,,,,
Marino's Seafood,1,,,,
Buena Vista II,1,,,,
Smoke the Burger Joint,1,,,,
Beijing Garden Restaurant,1,,,,
Capri Pizzeria,1,,,,
Kabul Fried Chicken Corp,1,,,,
Boston Pizza,1,,,,
Gourmet Cafe,1,,,,
Blooming Flavors,1,,,,
Tullulah's,1,,,,
Krungthai Street Grill,1,,,,
Shasta Pizza,1,,,,
Mighty Taco,1,,,,
Ted's Fish Fry,1,,,,
Murillo's Mexican Food,1,,,,
Rasor's Drive In,1,,,,
Fundays,1,,,,
Primary AIM,1,,,,
Larry's Dawg House,1,,,,
Matt's Burgers,1,,,,
Wings Over Syracuse,1,,,,
David's Burgers,1,,,,
Yummy Chinese Restaurant,1,,,,
Perkins Restaurant & Bakery,1,,,,
Carlos Quesadillas,1,,,,
Guppy's On The Go Carryout Pizza,1,,,,
900 Degrees Pizza,1,,,,
Sunwest Burgers,1,,,,
Great Wall Chinese Restaurant,1,,,,
Chinese Thai To Go,1,,,,
Baba's Burgers & Gyros,1,,,,
Los Taquitos,1,,,,
Scratchcdacom Company,1,,,,
Rogers Ice Cream and Burger,1,,,,
Tropics Bar & Grill,1,,,,
Four-Ten Drive-In,1,,,,
Roosters Waterfront Restaurant,1,,,,
Lucky Palace Chinese Restaurant,1,,,,
Roosters Landing,1,,,,
Freddie's,1,,,,
Kafein Coffee,1,,,,
Old Peking Restaurant,1,,,,
Gyro Hut,1,,,,
Hip Hop Fish & Chicken,1,,,,
Burger Belly,1,,,,
Lenny's American Italian Fine Cuisine,1,,,,
Wok N Roll,1,,,,
Guthries,1,,,,
Guthrie's,1,,,,
Sweet Pink Pepper,1,,,,
Moy's Dynasty Restaurant,1,,,,
Pizza Mill,1,,,,
Shelikof Lodge Restaurant,1,,,,
Shondiz,1,,,,
Dreamland Bar B Que,1,,,,
Alfonso's Pizza Italian Restaurant,1,,,,
Bangkok Thai Cuisine,1,,,,
Kretch's Restaurant,1,,,,
Terrys Pizza,1,,,,
Rolands Cajun Catering,1,,,,
Dragon China,1,,,,
Charlene's Kitchen,1,,,,
Manhattan Subs & Gyros,1,,,,
We The Pizza Crystal City,1,,,,
Mountain Mike's Pizza,1,,,,
Fat Wong Chinese Food To Go,1,,,,
Sol's Sandwich Shop and Deli,1,,,,
Fisherman's Cove,1,,,,
Tonelli's Takeout,1,,,,
Get Some Pizza,1,,,,
Cooper's Hawk Winery Restaurant,1,,,,
Mug'n Bun Drive In,1,,,,
Uncle Si's Pizza,1,,,,
Homegrown,1,,,,
Keoki's,1,,,,
Dexter's Drive-In,1,,,,
Cheeseburger In Paradise,1,,,,
Rice House Of Kabob,1,,,,
Eatin Fresh,1,,,,
Demetrios Pizza House,1,,,,
Peacock Restaurant,1,,,,
Speedy Burritos,1,,,,
Greenery Cafe,1,,,,
Bethel Square Restaurant Lounge,1,,,,
Lemon Tree Mediterranean Grill,1,,,,
Order-In,1,,,,
Nikos Gyros,1,,,,
China Wok Express,1,,,,
Pizo Foz Urban Pizza Kitchen,1,,,,
Big Daddy's Burgers,1,,,,
Noble Roman's,1,,,,
RUNZA,1,,,,
Pizza Di Roma,1,,,,
Ray's Drive In Restaurant,1,,,,
Tom Drive-in,1,,,,
Express Alterations,1,,,,
Husky Deli Catering,1,,,,
DiPuccio's Pasta Shop and Catering,1,,,,
Moon's Mongolian Grill,1,,,,
Rock City Grill,1,,,,
Lindaman's Gourmet-To-Go,1,,,,
Mizuna,1,,,,
Charley's Grill Spirits,1,,,,
Sundowner Cafe,1,,,,
Dick's Drive-In,1,,,,
Schwartz's Kraut Burger Ktchn,1,,,,
Chips Of Wis Rapids,1,,,,
Scenic Bar Restaurant,1,,,,
Twistee Treat,1,,,,
Kwik Wok,1,,,,
South Shore Grill,1,,,,
Bob's Burger Brew,1,,,,
Mama's Cantina,1,,,,
Burgermaster,1,,,,
Chinook's At Salmon Bay,1,,,,
Banyans On The Ridge,1,,,,
Nattamit Thai Restaurant,1,,,,
Shambala Bakery and Bistro,1,,,,
Rock Top Burgers Brew,1,,,,
Best Burgers,1,,,,
Zeeks Pizza,1,,,,
El Rancho Alegre,1,,,,
Mugshots Burger N' Brew,1,,,,
Hawaii BBQ Restaurant,1,,,,
Wibbley's Gourmet Hamburgers,1,,,,
Mediterranean Mix,1,,,,
Adams Enterprises,1,,,,
China Cafe Restaurant,1,,,,
Pizza Time,1,,,,
Eagans Westside Drive Inn,1,,,,
Sumo Japanese Steakhouse Sushi,1,,,,
Golden East Restaurant,1,,,,
Chan Bistro,1,,,,
Kismet Restaurant,1,,,,
Tenders Inc,1,,,,
Windy City Wieners,1,,,,
Thai Ginger-factoria,1,,,,
Big Sammy's Hot Dogs II,1,,,,
Chen's Restaurant,1,,,,
Krekel's Custard,1,,,,
Vince's Pizza,1,,,,
Billy Jack's Burger Shack,1,,,,
Napoleons Pizza,1,,,,
Taco Gringo,1,,,,
Super Taco Inc,1,,,,
Epic Burger,1,,,,
Dimitri's Greek Italian,1,,,,
Syros Greek Italian Restaurant,1,,,,
Zaks Shack Grill Deli Takeout,1,,,,
Mike's Drive-Up,1,,,,
Magic Foods,1,,,,
Foons Take Out Chinese Restaurant,1,,,,
Redrum Burger,1,,,,
Getta Gyro,1,,,,
Steve's Hot Dogs Tower Grove,1,,,,
Country Boys BBQ,1,,,,
Big Chickie,1,,,,
Gyro House,1,,,,
Johnny's Bar Grill,1,,,,
J C Zip's Inc,1,,,,
Roanoker Restaurant Inc,1,,,,
Del Vecchios,1,,,,
Chanellos Pizza,1,,,,
Sushi Boss,1,,,,
India Garden Restaurant,1,,,,
Big Boys Construction,1,,,,
Hellas Cafe,1,,,,
Apollo Burgers,1,,,,
Blaze Pizza,1,,,,
Ciscos Taqueria,1,,,,
High Street Pizza,1,,,,
Dominic's of New York,1,,,,
Maglio's Pizza,1,,,,
Retro's Good Eats,1,,,,
Via Veneto Italian Restaurant,1,,,,
El Charro Mexican Restaurant,1,,,,
Hong Kong Restaurant,1,,,,
Crispy Chicken,1,,,,
Home Plate Cooking,1,,,,
Scrimshaw Restaurant,1,,,,
Dog House Inc,1,,,,
Polar Queen Drive Inn,1,,,,
Trolley Stop,1,,,,
Ocean Beach Roasters,1,,,,
Ken's Sidewalk Cafe,1,,,,
Zante's Fast Food,1,,,,
Campus U-Tote-Em,1,,,,
Gulf Drive Cafe,1,,,,
Chips 'N Ales,1,,,,
Bob's Carry-Out Shop,1,,,,
Tommy's Barbecue,1,,,,
Stellar Brew Natural Cafe,1,,,,
Crazy Pho Cajun,1,,,,
JJ Sausage Maxwell Street,1,,,,
Honeygrow,1,,,,
Simple Simons Pizza,1,,,,
Annas Pizza Italian Restaurant,1,,,,
The Fat Mermaid,1,,,,
Tally-Ho Restaurant,1,,,,
Dog N Suds,1,,,,
Pei Wei Asian Diner,1,,,,
J C Chinese Restaurant,1,,,,
A W Restaurant,1,,,,
Best Lil' Porkhouse,1,,,,
Williams Williams Carryout,1,,,,
AWRestaurants,1,,,,
Hardee's - Loris:,1,,,,
Hardee's Restaurant,1,,,,
Stanfield's Steakhouse,1,,,,
Arby's - Coming Soon,1,,,,
Hardee's Restaurants,1,,,,
McConkey's Jungle Shack,1,,,,
China Panda,1,,,,
Mediterranean Gyro,1,,,,
EZ's Burger Deluxe,1,,,,
DK's Drive-In,1,,,,
Alpine Bistro Bakery Co,1,,,,
Senju Japanese Restaurant,1,,,,
Big Al's Steaks,1,,,,
Jambalaya Shoppe,1,,,,
KFC AW,1,,,,
USA Subs Grill,1,,,,
Shell Gas Station,1,,,,
Larson Enterprises,1,,,,
Baja Bar Grill,1,,,,
The Original Hot Dog Factory,1,,,,
Gulf Shores Diner,1,,,,
Bubba's Roadhouse Saloon,1,,,,
China City Garden Take Out,1,,,,
Iwa Sushi Grill,1,,,,
Beef Burger,1,,,,
Smokehouse Restaurant,1,,,,
Angry Barbeque,1,,,,
Odd Moe's Pizza,1,,,,
Lannie's Bar-B-Q Spot,1,,,,
Dominics of New York,1,,,,
Caribbean Express Restaurant,1,,,,
Z-Pizza,1,,,,
Colonel Sanders Fried Chicken,1,,,,
Lee's Bar-B-Q,1,,,,
Los Betos,1,,,,
Yeongs Place,1,,,,
Biscuitville,1,,,,
Smitty's Better Burger,1,,,,
British Pantry LTD,1,,,,
Sushi Masa Thai Cuisine,1,,,,
Bigham's Smokehouse,1,,,,
Famous Daves,1,,,,
Cain's Bar B-Que,1,,,,
Me's Bar-B-Que,1,,,,
Moz Subway,1,,,,
The Big Burger Spot,1,,,,
Rallys Hamburgers,1,,,,
Phils Philly Grill,1,,,,
Dejesus Deli Grocery,1,,,,
Andys Burgers Shakes Fries,1,,,,
Guss DRIVEIN,1,,,,
Burger Company,1,,,,
Panda North,1,,,,
Bo's Ice Cream,1,,,,
Jays Beef,1,,,,
Bee Bop Burgers,1,,,,
Mayan Family Mexican Restaurant,1,,,,
Restaurant 11,1,,,,
1 Frisch's Big Boy Restaurant,1,,,,
Tazza Cafe,1,,,,
Peking Chinese Restaurant,1,,,,
Mr Gyros Burgers,1,,,,
Puerto Vallarta Restaurant,1,,,,
Win's Drive-In,1,,,,
IL Granaio,1,,,,
Villa Fresh Italian Kitchen,1,,,,
Olde Fish House Marina,1,,,,
Teresas Drive In,1,,,,
Gyro's Cafe,1,,,,
Seasons Best Seafood,1,,,,
Bangkok 56,1,,,,
China Hut,1,,,,
Wendy's - Temporarily Closed,1,,,,
Guadalajara Original Family Mexican Restaurant,1,,,,
Blue Bay Seafood Restaurant,1,,,,
Senor Taco,1,,,,
ZZA Pizza + Salad,1,,,,
Tokyo Japanese Steakhouse,1,,,,
Wild Ginger China Bistro,1,,,,
DJs Hot Dog Co,1,,,,
Fon Lee Chinese Take Out,1,,,,
Roosters,1,,,,
Einstein Bros. Bagels - Closed,1,,,,
Pickleman's UMKC,1,,,,
Gold Star Hamburgers,1,,,,
Wg Grinders,1,,,,
Cardos Pizza of Waverly,1,,,,
Charleys Grilled Subs,1,,,,
Angelinas Pizza,1,,,,
Slice of Life,1,,,,
Habibi Diner,1,,,,
Zapopan Mexican Restaurant,1,,,,
Alberte Restaurant With A Carribean Flavor,1,,,,
Hi Rise Bakery,1,,,,
Black Cat Burrito,1,,,,
VCU Compass Plaza,1,,,,
Bushs Chicken,1,,,,
Kipps Cheesesteak,1,,,,
Panda Express - Inside Vons + Inside Vons +,1,,,,
El Ranchito Restaurante,1,,,,
To Go's,1,,,,
Thai Grata Restaurant,1,,,,
Peking Chinese Restaurants,1,,,,
Fun House Pizza Delivery,1,,,,
Hook Ladder Pizza Co,1,,,,
Mary's Pizza Shack,1,,,,
Gourmet Fine Catering,1,,,,
Captain Zacks Seafood,1,,,,
Mollys Diner,1,,,,
Manila Sunset,1,,,,
Yanagi Sushi,1,,,,
Full Moon Bar B Que,1,,,,
C J Drive In,1,,,,
Hong Kong Inn,1,,,,
Hot Dog Shop,1,,,,
Fat Mermaid,1,,,,
Pogolinos,1,,,,
King's Wings,1,,,,
New China,1,,,,
Paradise Supermart Fast Food Catering,1,,,,
Dynasty Chinese Restaurant,1,,,,
Nothing But Noodles,1,,,,
Palms Cafe,1,,,,
Acai Alaska,1,,,,
Nikki's Fresh Gourmet,1,,,,
OTB Delight Cafe,1,,,,
Eco-Bean Organic Coffee House,1,,,,
Cosmic Kitchen,1,,,,
Melt Bar & Grilled,1,,,,
Mikes Hot Dogs & Hamburgers,1,,,,
Black Cow Burger Bar,1,,,,
Sakimura,1,,,,
Great China,1,,,,
C & J Drive In,1,,,,
Marks Hot Dogs,1,,,,
Rupes Burgers,1,,,,
Los Tacos De Huicho,1,,,,
King Wing,1,,,,
John's Pizzeria,1,,,,
Yum Yum Pizza,1,,,,
Photos Hotdogs,1,,,,
Bruegger's Bagels,1,,,,
Paul's Restaurant,1,,,,
Italian Kitchen,1,,,,
sweetgreen,1,,,,
Gyro Delight,1,,,,
Park N Shop,1,,,,
Uncle Maddio's Pizza,1,,,,
The S and S Takeout,1,,,,
Treats Treasures,1,,,,
Mr Gyro's Wallingford,1,,,,
CAN-AM Pizza,1,,,,
Missouri Hick Barbeque,1,,,,
Cornucopia,1,,,,
Gyro Stop,1,,,,
Grub House,1,,,,
Nicholas Restaurant,1,,,,
Bella Union Restaurant and Saloon,1,,,,
Casablanca Coffee Grill,1,,,,
Agate Alley Bistro,1,,,,
Albee's Ny Gyros,1,,,,
Burrtio Amigos,1,,,,
Gyros Gyros,1,,,,
Corral Drive In,1,,,,
Zappo's Pizza,1,,,,
Pietro's Pizza Gallery of Games,1,,,,
Big Jim's Drive In,1,,,,
Richway Gyros,1,,,,
Everything Ok,1,,,,
Three Degrees Waterfront Bar Grill - CLOSED,1,,,,
Charlie's Fried Chicken,1,,,,
Arnold's Old Fashioned Hamburgers,1,,,,
Braum's Ice Cream and Dairy Store,1,,,,
Flavors Grill,1,,,,
Jacopetti's Catering,1,,,,
First Burger,1,,,,
Gyro X-Press,1,,,,
Island Soul,1,,,,
Uncle Maddio's Pizza Joint,1,,,,
Ma's Restaurant,1,,,,
Amigos-Kings Classic,1,,,,
Mucho Gusto,1,,,,
El Rancho Grande,1,,,,
Lee's Chinese Restaurant,1,,,,
Hong's Garden Restaurant,1,,,,
Nagano Japanese Restaurant,1,,,,
The Purple Bowl,1,,,,
Family Carry Out,1,,,,
Tokyo Japanese Restaurant,1,,,,
Carrburritos,1,,,,
Al's Burger Shack-Southern Village,1,,,,
Char Grill 1,1,,,,
Country Diner,1,,,,
Salsa Fresh Mexican Grill,1,,,,
Four Eleven West to Go,1,,,,
Carolina Chicken Inc,1,,,,
Dragon Golden Chinese Restaurant,1,,,,
El Tapatio,1,,,,
Golden Palace Restaurant,1,,,,
Chick-Fil-A Of Randolph Mall,1,,,,
Asia Cafe,1,,,,
Dis and Dem Burgers and Sliders,1,,,,
Vertoris Pizza House,1,,,,
Chet's East,1,,,,
Pita Pit Brandon,1,,,,
Wing King Of Fletcher,1,,,,
Carvel Ice Cream Bakery,1,,,,
Thai To Go,1,,,,
King House Chinese Restaurant,1,,,,
Snuffys Malt Shop,1,,,,
Lees Kitchen,1,,,,
PDQ Restaurant,1,,,,
Mr K's,1,,,,
Commander Restaurant,1,,,,
Chan's Restaurant,1,,,,
Westside Deli,1,,,,
Mata Mediterranean Grill,1,,,,
Big Boy's Burgers and Shakes,1,,,,
Ritters Frozen Custard,1,,,,
HomeTown Buffet,1,,,,
Palenque Mexican Restaurant,1,,,,
EVOS South Tampa,1,,,,
Mr Greek Gyros,1,,,,
Chalupas,1,,,,
Saladfarm,1,,,,
Wok To Go,1,,,,
SUBWAY Restaurant,1,,,,
EL Indio II,1,,,,
Checker's Drive In Restaurant,1,,,,
Kow Loon Restaurant,1,,,,
Bill's Seafood Restaurant,1,,,,
Casper Fry,1,,,,
Camerons Seafood Market,1,,,,
Oriental Inn,1,,,,
Minh's Restaurant,1,,,,
Giovanni's Pizza,1,,,,
Pietro's Pizza Pirate Adventure,1,,,,
Best Burger,1,,,,
Tender Towne,1,,,,
DJ's Drive-In,1,,,,
Mr Chicken,1,,,,
Dan's Drive In,1,,,,
China Wok,1,,,,
Franks Diner,1,,,,
Chill Spot,1,,,,
Andreas Keller Restaurant,1,,,,
Mr Sub Sandwiches,1,,,,
Sunrise Chinese Food Take Out,1,,,,
Noodles Bar,1,,,,
Sparky's Wings And Things,1,,,,
Joy Of Eating Cafe,1,,,,
Teak House,1,,,,
Gyro Uno,1,,,,
Jack Brown's Beer Burger Jnt,1,,,,
Dawson's Burgers Wings Fries,1,,,,
Sun House Chinese Take Out Restaurant,1,,,,
Marco's Pizza,1,,,,
China Wok Chinese Takeout,1,,,,
Mr Submarine,1,,,,
Larkfield Shopping Center,1,,,,
Destin Connection Seafood Market,1,,,,
Grecian Steak House,1,,,,
Sopa Thai Cuisine,1,,,,
Cafe Waterfront,1,,,,
Jd Seafood Bistro,1,,,,
Lulus Cafe,1,,,,
Butcher Boy's Cafe,1,,,,
Hong Kong Gourmet,1,,,,
The Coffee House,1,,,,
Delta Cafe,1,,,,
Golden Palace,1,,,,
Papas Breakfast Nook,1,,,,
5th Street Diner,1,,,,
Wenellis Pizza,1,,,,
Old Creamery Cafe,1,,,,
Babas Gyro And Kabob,1,,,,
Prices Chicken Coop,1,,,,
Subway Meadows Park SC,1,,,,
Peppermint Twist Drive In,1,,,,
Gyro Wrap,1,,,,
Ricos Subs & Tacos,1,,,,
Jacks,1,,,,
Forasteros Mexican Food,1,,,,
5 Star Abq,1,,,,
Countrie Eatery,1,,,,
Cafe Presto,1,,,,
Dari Ette Drive In,1,,,,
Alfonsos Pizza,1,,,,
Flip's Burgers,1,,,,
Golden City,1,,,,
Marys Pizza Shack,1,,,,
Mrs Fields,1,,,,
LocoL,1,,,,
Charlie's Chicken,1,,,,
Quick,1,,,,
Mariu Kebabberia Gastronomica,1,,,,
McDonald's of Mililani Mauka,1,,,,
Bamboo Bistro,1,,,,
Fred's Store,1,,,,
Cody's Cafe,1,,,,
Mcdonald's - Walmart,1,,,,
B Z Breakfast Burgers Beyond,1,,,,
Bb&t,1,,,,
Flash Foods / McDonald's,1,,,,
The Agora,1,,,,
Carls Jr. / Green Burrito,1,,,,
Dawg House Grill,1,,,,
Carl's Jr - Green Burrito,1,,,,
Jimmy John's Gourmet Sandwiches,1,,,,
Greek Oven Pizza and Wings,1,,,,
Stripes Store #2276,1,,,,
Hotdoks,1,,,,
Shepard's Drive-In,1,,,,
The Biscuit Factory,1,,,,
Subway (johnson) @ Jonesboro,1,,,,
Kettle Restaurant,1,,,,
Hoka Hoka Bento,1,,,,
Regal Cinemas Tikahtnu  16 IMAX & RPX,1,,,,
Hardee's / Red Burrito / Dough Boys,1,,,,
Jersey Jacks Eatery,1,,,,
Mario's Natural Roman Pizza,1,,,,
Music City Subs,1,,,,
Chick-fil-a Orange Avenue,1,,,,
Rahway Chicken & Burger Inc,1,,,,
The Pizza Pipe Line,1,,,,
Omega Drive-In,1,,,,
China Buddha Inn II,1,,,,
Geno's Fast Break,1,,,,
Sammy Carry-Out,1,,,,
McDonald’s,1,,,,
Gyros Kings,1,,,,
A&W All-American Foods,1,,,,
Chicken House,1,,,,
Jamjam,1,,,,
Wings And Philly,1,,,,
Chuck Wagon,1,,,,
Gianni's Pizza,1,,,,
Rich's Mighty Fine Burgers Grub,1,,,,
Chick-fil-a Superstition Springs Center,1,,,,
Pizza One,1,,,,
Fab Wings N Burgers,1,,,,
The Chicken Place,1,,,,
J J Fish and Chicken,1,,,,
Papagus Gyros,1,,,,
Bravo Tacos,1,,,,
DQ Grill & Chill,1,,,,
A & W Family Restaurant,1,,,,
Thunder Ridge Ampride,1,,,,
Twisters,1,,,,
The Halal Guys,1,,,,
Ny Chicken Fish,1,,,,
Shloma Inc,1,,,,
Hub City Express,1,,,,
Tasty Carryout,1,,,,
Cookout,1,,,,
JCW's,1,,,,
The People Connection,1,,,,
Hot Dog Heaven,1,,,,
The Great Steak & Potato Co.,1,,,,
Jim's Coney Island,1,,,,
Woody's Sloppy Dogs,1,,,,
Kum Go,1,,,,
Carl's / Green Burrito,1,,,,
Wu's Fine Chinese Cuisine,1,,,,
Wings N' More Wings,1,,,,
P. Terry's,1,,,,
Steak-out,1,,,,
McDonalds @ Old Atlanta,1,,,,
Charcoal Delights,1,,,,
Hungry Andy's,1,,,,
Port Of Subs,1,,,,
Los Verdes,1,,,,
St Louis Original Hamburgers,1,,,,
Circle Drive In,1,,,,
Rubio's Coastal Grill,1,,,,
AJ's Hotdogs & Gyros,1,,,,
Cusinera,1,,,,
Hermosa,1,,,,
Eagan's Drive-In,1,,,,
Omelette House,1,,,,
D'angelo Grilled Sandwiches,1,,,,
Costa Vida Fresh Mexican Grill,1,,,,
Scoopers,1,,,,
Luna Corner Pizza,1,,,,
Fresh City,1,,,,
Lukes on Harlem,1,,,,
Madison Street Subs,1,,,,
Simmies Arirang Hill Cheese Steak,1,,,,
DQ Woodlands,1,,,,
Chris' Drive-In,1,,,,
Kennedy Fried Chicken & Pizza,1,,,,
Taco Bell/Pizza Hut Express,1,,,,
Osgood's,1,,,,
Dan's Seafood & Chicken,1,,,,
Aw Restaurant,1,,,,
A&w,1,,,,
Sonic Drive-in (trailer),1,,,,
Everest,1,,,,
Cousins Subs of Green Bay - Oneida St. & Ramada Way,1,,,,
King Grill,1,,,,
Freddy's Steakburger,1,,,,
Tom & Jerry's,1,,,,
Ivar's Seafood Bar,1,,,,
Chick-fil-a Magnolia Mall,1,,,,
Exxon,1,,,,
BGR - The Burger Joint,1,,,,
Alice's,1,,,,
Ball State Lafollette Dining,1,,,,
Tubby's Grilled Submarines,1,,,,
Charlie Browns,1,,,,
Quizno's +,1,,,,
Loco Moco Drive-Inn,1,,,,
Gabby's Burgers & Fries,1,,,,
Comilao Lanches Bakery,1,,,,
Dual - Carls / Grn Burrito 1100654,1,,,,
Pete's Burgers,1,,,,
Hegenburgers,1,,,,
Nielsen's Frozen Custard,1,,,,
Tina's Carryout Restaurant,1,,,,
Kings Contrivance Jewelers,1,,,,
Great Steak And Potato Co,1,,,,
Costa Vida,1,,,,
Pizza Primetime,1,,,,
The Press Club,1,,,,
Convergence Zone,1,,,,
Charkies,1,,,,
"Burgerville, USA",1,,,,
Lee's Oriental Martial Arts,1,,,,
El Tarasco Mexican Food,1,,,,
Long John Silver/ A&W,1,,,,
Car's Late Night Delivery,1,,,,
Dairy Queen Grill & Chill / Orange Julius,1,,,,
Your Healthy Habit,1,,,,
Denton's,1,,,,
L&L Hawaiian Barbecue,1,,,,
Chicago Union Station Food Court,1,,,,
Paesano's,1,,,,
B K,1,,,,
Cinnabon,1,,,,
China King Restaurant,1,,,,
Kim Lee Fast Food,1,,,,
Chickenow,1,,,,
Brixton's,1,,,,
Dairy Queen - Round Rock,1,,,,
Dq Grill & Chill,1,,,,
Snack Shack,1,,,,
Boston Chowda Company,1,,,,
White Manna Hamburgers,1,,,,
Food 4 Less,1,,,,
Long John Silver's / A&W,1,,,,
Aprisa Mexican Cuisine,1,,,,
Kfc - Kentucky Fried Chicken,1,,,,
Rapid Ray's,1,,,,
Pop-A-Nugget,1,,,,
Peking Wok,1,,,,
Panda,1,,,,
Subway - Roland Park,1,,,,
Thrashers French Fries,1,,,,
KFC / A&W,1,,,,
The Honeybaked Ham Company,1,,,,
Arby's Antigo,1,,,,
Furr's,1,,,,
Braum's Ice Cream & Dairy Store,1,,,,
Tellers Tap Room & Kitchen,1,,,,
Subway Sandwiches and Salads,1,,,,
Kerby's Koney Island,1,,,,
Checkers Burgers and Fries,1,,,,
L&l Hawaiian Barbecue,1,,,,
Yum Brands Inc,1,,,,
Mr Char-Burger,1,,,,
Ama Ristorante,1,,,,
Bills Place,1,,,,
Burger King Salou,1,,,,
ShopRite,1,,,,
Great Steak & Potato Co,1,,,,
Wendy Two Two Eight,1,,,,
Boston Market 381,1,,,,
Siam To Go,1,,,,
Love's,1,,,,
Cypress Best,1,,,,
Strongwater Spirits & Botanicals,1,,,,
Chick-fil-a Truett's Luau,1,,,,
Spangle's,1,,,,
Luxor Food Court,1,,,,
Subway Guitars,1,,,,
The Break Away Sports Cafe,1,,,,
Rocky's,1,,,,
Chester's Grill,1,,,,
Mcdonald's #25557,1,,,,
7-11,1,,,,
Little Caesar's Pizza Smithfield,1,,,,
Lanesplitter Pizza & Pub,1,,,,
Royal Buffet,1,,,,
Fitness 19,1,,,,
World Wrapps,1,,,,
Soulfish Grill,1,,,,
Hunam Garden,1,,,,
Tom's Grill,1,,,,
Travelcenters of America,1,,,,
Pizza Hut Wingstreet,1,,,,
Subway - Bell's Ferry,1,,,,
Kam's Chop Suey,1,,,,
Rafael's,1,,,,
Frugal's,1,,,,
Garden Fast Food,1,,,,
Home Town Buffet,1,,,,
Checker's Drive-in Restaurant,1,,,,
Ziti's Italian Express,1,,,,
Rally's Springfield,1,,,,
Ll Hawaiian Barbecue,1,,,,
Maui Tacos,1,,,,
Checker's Hamburgers,1,,,,
Froots,1,,,,
Custard Hut & Pizza,1,,,,
Dewey's Pizza,1,,,,
Flip Burger Bar,1,,,,
Greyhound,1,,,,
Cherry Hill Drive In Ice Cream,1,,,,
Noodles & Company,1,,,,
El Paragua Restaurant,1,,,,
Burger Time,1,,,,
Integrated Therapy Specialists: Arnold D Larson,1,,,,
Windmill Gourmet Fast Foods,1,,,,
Ernie's All American Burger,1,,,,
Jacks Grocery,1,,,,
Moe's Original Bar B Que,1,,,,
Coop DeVille,1,,,,
B. Good,1,,,,
Pacific Rim,1,,,,
OMG! Rotisserie,1,,,,
Hamburger King,1,,,,
Samurai Sam's,1,,,,
Lime Ricky World,1,,,,
Sconecutter,1,,,,
Buds Chicken & Seafood,1,,,,
McLaren's Pantry,1,,,,
Zip's Hamburgers And Fish,1,,,,
Fallguys Burger Company,1,,,,
Sensenig Poultry LLC,1,,,,
Frugals,1,,,,
Seaside Eatery,1,,,,
Nick's Burgers,1,,,,
Granny's Drive-In,1,,,,
Jolly's Drive-In,1,,,,
Blondies,1,,,,
Rancher's Roast Beef Inc.,1,,,,
Yellow Cab Pizza Co.,1,,,,
Isabella's Pizzeria,1,,,,
Burger's Landing,1,,,,
Pizza Factory,1,,,,
Crystal Restaurant,1,,,,
In-A-Tub,1,,,,
Richie's Restaurant,1,,,,
Shoney's on the Go,1,,,,
Dairy Isle,1,,,,
Jack Pirtles Chicken,1,,,,
Papa John’s Pizza,1,,,,
DQ Grill & Chill / Orange Julius,1,,,,
Lenny's Sub Shop,1,,,,
South-A-Philly Steaks and Hoagies,1,,,,
Mayfair Boardwalk Grill,1,,,,
Nino's Pizza,1,,,,
Maria's Fry Bread & Mexican Food,1,,,,
Papa John's,1,,,,
Subway Citgo of Quarryville,1,,,,
Eldon Drive In,1,,,,
Stars Drive-In,1,,,,
Original Tracks,1,,,,
Taco Local,1,,,,
Sunrise Cafe,1,,,,
Capt Crab's Take-Away,1,,,,
31st Avenue Gyro,1,,,,
Papa Johns,1,,,,
Crispy Chicken & Seafood,1,,,,
Kenny's Drive-In,1,,,,
"MOOYAH Burgers, Fries & Shakes",1,,,,
Taco Delight,1,,,,
BIG & little's Restaurant,1,,,,
Tommy's Sub Shop,1,,,,
Meatheads,1,,,,
Shot Tower Inn,1,,,,
The Pita Pit,1,,,,
Blake's LotaBurger,1,,,,
Handy's Lunch,1,,,,
